area,is_weekday,time_period_min,pole_id,ave_time_period_min,trans_amt,time_period_min_per_pole,ave_time_period_min_per_pole
Bankers Hill,False,1104832.0,477,40131.659011813936,2227832,2316.20964360587,84.13345704782796
Bankers Hill,True,5598814.0,480,35230.16528702175,11400324,11664.195833333333,73.39617768129531
Barrio Logan,False,23341.0,22,1974.9133909588272,47973,1060.9545454545455,89.76879049812851
Barrio Logan,True,127927.0,22,1955.4047464210437,258174,5814.863636363636,88.88203392822926
College,False,17444.0,5,393.7984226252519,33015,3488.8,78.75968452505037
College,True,83440.0,5,405.43845804512006,158511,16688.0,81.087691609024
Columbia,False,606594.0,133,12436.031058012268,1261980,4560.857142857143,93.50399291738547
Columbia,True,2968109.0,134,11950.2944373997,5879954,22150.067164179105,89.18130177163955
Core,False,405531.0,152,11770.582719193264,844462,2667.967105263158,77.43804420521884
Core,True,2414991.0,155,11658.360504805212,4841015,15580.587096774194,75.21522906325943
Core - Columbia,False,131233.0,40,3234.7200479159865,285082,3280.825,80.86800119789966
Core - Columbia,True,951176.0,40,3398.1852423583728,1951039,23779.4,84.95463105895932
Cortez,False,56021.0,52,3418.8989423515645,119904,1077.326923076923,65.74805658368393
Cortez,True,492609.0,52,3605.650899486455,983135,9473.25,69.33944037473951
Cortez Hill,False,538311.0,271,31886.441062627706,849460,1986.3874538745388,117.66214414253766
Cortez Hill,True,3472753.0,271,34925.51966757637,5480253,12814.586715867159,128.8764563379202
East Village,False,2964947.0,809,92289.46773163544,5506599,3664.953028430161,114.07845207865938
East Village,True,15035943.0,810,92650.38576038078,27347657,18562.892592592594,114.3831922967664
Five Points,False,237691.0,70,4983.458971468858,459248,3395.5857142857144,71.19227102098368
Five Points,True,852361.0,70,4387.358459220586,1659112,12176.585714285715,62.676549417436945
Gaslamp,False,903307.0,197,19093.35127353732,1681530,4585.314720812183,96.92056484029096
Gaslamp,True,4382570.0,219,20045.81064424082,8493216,20011.73515981735,91.53338193717269
Golden Hill,False,18361.0,12,456.62356962165086,36410,1530.0833333333333,38.051964135137574
Golden Hill,True,78784.0,12,402.8735522883251,156366,6565.333333333333,33.57279602402709
Hillcrest,False,2179171.0,507,44356.027166657506,4114037,4298.167652859961,87.48723307033039
Hillcrest,True,9389275.0,513,40850.27127143066,17778538,18302.68031189084,79.63015842384145
Little Italy,False,1652490.0,258,25141.368678437815,3687091,6405.0,97.44716542030162
Little Italy,True,6962096.0,258,24094.662065042925,15254938,26984.868217054263,93.39016304280203
Marina,False,2210454.0,212,28069.40401123681,3916956,10426.669811320755,132.4028491096076
Marina,True,9883536.0,213,29340.49001120253,18988146,46401.57746478873,137.74877939531706
Midtown,False,3136.0,11,1445.3166666666666,5150,285.09090909090907,131.39242424242423
Midtown,True,8786.0,14,1848.8850574712644,14514,627.5714285714286,132.0632183908046
Mission Hills,False,345121.0,109,8378.27686933812,676714,3166.2477064220184,76.86492540677175
Mission Hills,True,1481589.0,110,7461.098883460545,2957303,13468.99090909091,67.82817166782314
North Park,False,238435.0,78,5257.628261977412,465729,3056.858974358974,67.40549053817195
North Park,True,891603.0,78,4566.5090448666415,1776591,11430.807692307691,58.54498775470053
Point Loma,False,13299.0,6,501.1875,27299,2216.5,83.53125
Point Loma,True,43527.0,6,495.7984302481297,90309,7254.5,82.63307170802162
Talmadge,False,31886.0,33,1442.9407782040191,65638,966.2424242424242,43.72547812739452
Talmadge,True,163867.0,33,1333.7886427057965,332063,4965.666666666667,40.41783765775141
University Heights,False,182281.0,97,6611.771207772389,369805,1879.1855670103093,68.16258977084937
University Heights,True,878630.0,97,6320.053473909181,1774651,9058.041237113403,65.15519045267197
